Screenshot from 2025-05-02 13-45-27.png,application/octet-stream,608043,2025-05-02T12:06:13Z
Screenshot from 2025-05-02 13-45-27.png,application/octet-stream,608043,2025-05-02T12:13:01Z
Screenshot from 2025-05-02 13-45-27.png,application/octet-stream,608043,2025-05-02T12:17:39Z
Screenshot from 2025-05-02 13-45-27.png,application/octet-stream,608043,2025-05-02T12:49:18Z
Capture001.png,application/octet-stream,107424,2025-05-04T03:55:00Z
2025-05-04_09-22-31.png,application/octet-stream,25850,2025-05-04T04:22:52Z
2025-05-04_09-22-31.png,application/octet-stream,25850,2025-05-04T05:21:01Z
2025-05-04_09-22-31.png,application/octet-stream,25850,2025-05-04T05:31:40Z
2025-05-04_09-22-31.png,application/octet-stream,25850,2025-05-04T05:57:43Z
2025-05-04_09-22-31.png,application/octet-stream,25850,2025-05-04T06:02:31Z
2025-05-04_09-22-31.png,application/octet-stream,25850,2025-05-04T07:41:17Z
2025-05-04_09-22-31.png,application/octet-stream,25850,2025-05-04T07:51:09Z
2025-05-04_09-22-31.png,application/octet-stream,25850,2025-05-04T08:07:25Z
2025-05-04_09-22-31.png,application/octet-stream,25850,2025-05-04T08:22:41Z
2025-05-04_09-22-31.png,application/octet-stream,25850,2025-05-04T08:25:12Z
46e2eecd18790199ce08e90d8fd47458.jpg,application/octet-stream,26277,2025-05-04T17:37:44Z
2025-05-04_09-22-31.png,application/octet-stream,25850,2025-05-04T20:26:37Z
46e2eecd18790199ce08e90d8fd47458.jpg,application/octet-stream,26277,2025-05-04T20:27:01Z
2025-05-05_09-02-25.png,application/octet-stream,552400,2025-05-05T04:03:21Z
46e2eecd18790199ce08e90d8fd47458.jpg,application/octet-stream,26277,2025-05-05T04:30:19Z
